{"cameraMode":{"drawMode":0,"name":"Shaded","section":"Shading Mode"},"sceneLighting":true,"audioPlay":false,"sceneViewState":{"showFog":false,"showMaterialUpdate":false,"showSkybox":false,"showFlares":false,"showImageEffects":false,"showParticleSystems":false},"in2DMode":false,"pivot":{"x":-10.291526794433594,"y":1.6839908361434937,"z":-0.48378753662109377},"rotation":{"x":0.007453524973243475,"y":0.11106351017951966,"z":0.0008329321281053126,"w":-0.993786096572876},"size":16.75223159790039,"orthographic":false}